-- ------------------------------------------------------------ Table structure for table `group_info`--CREATE TABLE IF NOT EXISTS `group_info` (  `groupID` int(11) NOT NULL AUTO_INCREMENT,  `groupName` varchar(50) NOT NULL,  `description` varchar(50) NOT NULL,  `status` tinyint(1) NOT NULL DEFAULT '1',  `fixed` tinyint(1) NOT NULL DEFAULT '0',  PRIMARY KEY (`groupID`)) ENGINE=MyISAM  DEFAULT CHARSET=utf8 AUTO_INCREMENT=53 ;---- Dumping data for table `group_info`--INSERT INTO `group_info` (`groupID`, `groupName`, `description`, `status`, `fixed`) VALUES(1, 'Administrator', '系統管理員', 1, 1),(2, 'Program Users Group', '全部系統用戶', 1, 1),(3, 'Account Administrator', '賬戶管理組', 1, 1);-- ------------------------------------------------------------ Table structure for table `group_member`--CREATE TABLE IF NOT EXISTS `group_member` (  `groupID` int(11) NOT NULL,  `userID` varchar(50) NOT NULL,  `source` enum('single','group','localGroup') NOT NULL,  `unit` enum('none','bu','dept','team') NOT NULL DEFAULT 'none',  `unitID` int(11) NOT NULL DEFAULT '0',  `unitName` varchar(100) NOT NULL,  KEY `userID` (`userID`),  KEY `groupID` (`groupID`),  KEY `source` (`source`)) ENGINE=MyISAM DEFAULT CHARSET=utf8;---- Dumping data for table `group_member`--INSERT INTO `group_member` (`groupID`, `userID`, `source`, `unit`, `unitID`, `unitName`) VALUES(1, 'admin', 'single', 'none', 0, ''),(2, 'admin', 'single', 'none', 0, '');-- ------------------------------------------------------------ Table structure for table `sys_access`--CREATE TABLE IF NOT EXISTS `sys_access` (  `sysID` int(11) NOT NULL AUTO_INCREMENT,  `name` varchar(250) NOT NULL,  `description` varchar(250) NOT NULL,  `isHidden` tinyint(1) NOT NULL DEFAULT '0',  PRIMARY KEY (`sysID`)) ENGINE=MyISAM  DEFAULT CHARSET=utf8 AUTO_INCREMENT=13 ;---- Dumping data for table `sys_access`--INSERT INTO `sys_access` (`sysID`, `name`, `description`, `isHidden`) VALUES(1, '系統權限管理', '系統權限管理', 0),(2, '用戶管理', '用戶管理', 0),(3, '群組管理', '群組管理', 0);-- ------------------------------------------------------------ Table structure for table `sys_access_action`--CREATE TABLE IF NOT EXISTS `sys_access_action` (  `sysID` int(11) NOT NULL,  `appGroup` varchar(50) NOT NULL,  `module` varchar(50) NOT NULL,  `action` varchar(50) NOT NULL,  `level` int(11) NOT NULL,  KEY `sysID` (`sysID`)) ENGINE=MyISAM DEFAULT CHARSET=utf8;---- Dumping data for table `sys_access_action`--INSERT INTO `sys_access_action` (`sysID`, `appGroup`, `module`, `action`, `level`) VALUES(2, 'Admin', 'User', 'index', 1),(2, 'Admin', 'User', 'addUser', 2),(2, 'Admin', 'User', 'saveUserInfo', 4),(2, 'Admin', 'User', 'removeUser', 8),(3, 'Admin', 'Group', 'index', 1),(1, 'Admin', 'SysAuth', 'index', 1),(3, 'Admin', 'Group', 'saveGroups', 4),(3, 'Admin', 'Group', 'removeGroups', 8),(1, 'Admin', 'SysAuth', 'updateSysAccess', 4),(1, 'Admin', 'SysAuth', 'removeAccessRight', 8),(2, 'Admin', 'User', 'syncFromEDB', 4);-- ------------------------------------------------------------ Table structure for table `sys_access_level`--CREATE TABLE IF NOT EXISTS `sys_access_level` (  `id` int(11) NOT NULL AUTO_INCREMENT,  `sysID` int(11) NOT NULL,  `groupID` int(11) NOT NULL,  `userID` varchar(50) NOT NULL,  `level` int(11) NOT NULL,  PRIMARY KEY (`id`)) ENGINE=MyISAM DEFAULT CHARSET=utf8 AUTO_INCREMENT=1 ;---- Dumping data for table `sys_access_level`---- ------------------------------------------------------------ Table structure for table `user`--CREATE TABLE IF NOT EXISTS `user` (  `userID` varchar(50) NOT NULL,  `password` varchar(50) NOT NULL,  `email` varchar(100) NOT NULL,  `firstname` varchar(50) NOT NULL,  `lastname` varchar(50) NOT NULL,  `nickname` varchar(50) NOT NULL,  `direct` varchar(50) DEFAULT NULL,  `extension` varchar(50) DEFAULT NULL,  `mobile` varchar(50) DEFAULT NULL,  `EDBStatus` varchar(20) NOT NULL,  `teamName` varchar(250) NOT NULL,  `source` enum('local','edb') NOT NULL,  `status` tinyint(1) NOT NULL DEFAULT '1',  PRIMARY KEY (`userID`)) ENGINE=MyISAM DEFAULT CHARSET=utf8;---- Dumping data for table `user`--INSERT INTO `user` (`userID`, `password`, `email`, `firstname`, `lastname`, `nickname`, `direct`, `extension`, `mobile`, `EDBStatus`, `teamName`, `source`, `status`) VALUES('admin', '12345', 'ccxchen@nmg.com.hk', 'admin', 'admin', 'admin', '', '', '', '', '', 'local', 1);CREATE TABLE IF NOT EXISTS `sys_logs` (  `id` int(11) NOT NULL AUTO_INCREMENT,  `userID` varchar(50) NOT NULL,  `appGroup` varchar(50) NOT NULL,  `module` varchar(50) NOT NULL,  `action` varchar(50) NOT NULL,  `dateTime` datetime NOT NULL,  `description` varchar(2000) NOT NULL,  `url` varchar(255) NOT NULL,  `requestData` text NOT NULL,  PRIMARY KEY (`id`)) ENGINE=MyISAM  DEFAULT CHARSET=utf8 AUTO_INCREMENT=234 ;